,team,position,Height,Weight,Birthdate,Full_name,age,First_name,Last_name,Name
0,OKC,SG,"6'6""",190,8/01/1993, Alex  Abrines,24.45448323066393,Alex,Abrines,A. Abrines
1,BKN,F,"6'7""",240,10/06/1990, Quincy  Acy,27.274469541409992,Quincy,Acy,Q. Acy
2,OKC,C,"7'0""",255,7/20/1993, Steven  Adams,24.487337440109513,Steven,Adams,S. Adams
3,MIA,F/C,"6'10""",260,7/18/1997, Bam  Adebayo,20.49281314168378,Bam,Adebayo,B. Adebayo
4,ORL,G/F,"6'5""",210,10/15/1985, Arron  Afflalo,32.24914442162902,Arron,Afflalo,A. Afflalo
5,NO,F/C,"7'2""",248,5/06/1988, Alexis  Ajinca,29.691991786447637,Alexis,Ajinca,A. Ajinca
6,MIN,C,"6'11""",253,10/31/1988, Cole  Aldrich,29.204654346338124,Cole,Aldrich,C. Aldrich
7,SA,F/C,"6'11""",260,7/19/1985, LaMarcus  Aldridge,32.49007529089665,LaMarcus,Aldridge,L. Aldridge
8,FA,PF,"6'8""",245,11/16/1995, Cliff  Alexander,22.16290212183436,Cliff,Alexander,C. Alexander
9,FA,PG,"6'3""",185,1/18/1995, Bryce  Alford,22.989733059548254,Bryce,Alford,B. Alford
10,BKN,F/C,"6'11""",234,4/21/1998, Jarrett  Allen,19.734428473648187,Jarrett,Allen,J. Allen
11,BOS,SG,"6'3""",205,1/15/1993, Kadeem  Allen,24.996577686516083,Kadeem,Allen,K. Allen
12,FA,F/C,"6'9""",260,2/04/1989, Lavoy  Allen,28.941820670773442,Lavoy,Allen,L. Allen
13,NO,G/F,"6'4""",213,1/11/1982, Tony  Allen,36.0082135523614,Tony,Allen,T. Allen
14,POR,F,"6'9""",220,9/21/1990, Al-Farouq  Aminu,27.315537303216974,Al-Farouq,Aminu,A. Aminu
15,FA,G/F,"6'6""",220,10/16/1982, Alan  Anderson,35.24709103353867,Alan,Anderson,A. Anderson
16,PHI,SF,"6'6""",230,11/19/1993, Justin  Anderson,24.1533196440794,Justin,Anderson,J. Anderson
17,SA,G/F,"6'9""",230,9/20/1993, Kyle  Anderson,24.317590691307323,Kyle,Anderson,K. Anderson
18,HOU,F/C,"6'10""",240,5/06/1988, Ryan  Anderson,29.691991786447637,Ryan,Anderson,R. Anderson
19,IND,C,"6'10""",250,10/22/1998, Ike  Anigbogu,19.23066392881588,Ike,Anigbogu,I. Anigbogu
20,MIL,F,"6'11""",222,12/06/1994, Giannis  Antetokounmpo,23.107460643394933,Giannis,Antetokounmpo,G. Antetokounmpo
21,OKC,F,"6'8""",240,5/29/1984, Carmelo  Anthony,33.6290212183436,Carmelo,Anthony,C. Anthony
22,FA,F/C,"6'9""",245,8/09/1982, Joel  Anthony,35.43326488706366,Joel,Anthony,J. Anthony
23,TOR,F,"6'8""",232,7/17/1997, OG  Anunoby,20.49555099247091,OG,Anunoby,O. Anunoby
24,CHI,PG,"6'3""",208,3/26/1994, Ryan  Arcidiacono,23.805612594113622,Ryan,Arcidiacono,R. Arcidiacono
25,HOU,G/F,"6'8""",215,6/30/1985, Trevor  Ariza,32.54209445585216,Trevor,Ariza,T. Ariza
26,DEN,F/C,"6'9""",235,3/25/1988, Darrell  Arthur,29.806981519507186,Darrell,Arthur,D. Arthur
27,ORL,SF,"6'7""",215,1/12/1993, Jamel  Artis,25.00479123887748,Jamel,Artis,J. Artis
28,FA,PF,"6'9""",230,7/15/1994, Brandon  Ashley,23.50171115674196,Brandon,Ashley,B. Ashley
29,NO,F/C,"7'0""",255,7/04/1986, Omer  Asik,31.531827515400412,Omer,Asik,O. Asik
30,ORL,PG,"6'0""",183,11/10/1987, D.J.  Augustin,30.17932922655715,D.J.,Augustin,D. Augustin
31,ATL,SF,"6'9""",225,6/20/1989, Luke  Babbitt,28.569472963723477,Luke,Babbitt,L. Babbitt
32,CHA,SG,"6'7""",221,8/30/1995, Dwayne  Bacon,22.376454483230663,Dwayne,Bacon,D. Bacon
33,NY,G,"6'4""",220,3/30/1993, Ron  Baker,24.79397672826831,Ron,Baker,R. Baker
34,POR,PG,"6'4""",202,3/29/1996, Wade  Baldwin IV,21.796030116358658,Wade,Baldwin IV,W. Baldwin IV
35,LAL,PG,"6'6""",190,10/27/1997, Lonzo  Ball,20.216290212183434,Lonzo,Ball,L. Ball
36,FA,G,"6'3""",194,11/28/1982, Leandro  Barbosa,35.12936344969199,Leandro,Barbosa,L. Barbosa
37,DAL,G,"6'0""",185,6/26/1984, J.J.  Barea,33.5523613963039,J.J.,Barea,J. Barea
38,DAL,F,"6'8""",225,5/30/1992, Harrison  Barnes,25.626283367556468,Harrison,Barnes,H. Barnes
39,FA,G/F,"6'7""",226,3/09/1980, Matt  Barnes,37.8507871321013,Matt,Barnes,M. Barnes
40,DEN,G/F,"6'6""",175,1/06/1991, Will  Barton,27.02258726899384,Will,Barton,W. Barton
41,FA,F/C,"6'8""",250,4/30/1985, Brandon  Bass,32.709103353867214,Brandon,Bass,B. Bass
42,CHA,G/F,"6'8""",220,12/14/1988, Nicolas  Batum,29.084188911704313,Nicolas,Batum,N. Batum
43,PHI,G,"6'3""",210,8/20/1988, Jerryd  Bayless,29.401779603011637,Jerryd,Bayless,J. Bayless
44,BOS,C,"6'10""",260,12/09/1986, Aron  Baynes,31.09924709103354,Aron,Baynes,A. Baynes
45,ATL,G/F,"6'5""",201,7/01/1989, Kent  Bazemore,28.539356605065024,Kent,Bazemore,K. Bazemore
46,FA,SF,"6'8""",201,1/15/1995, V.J.  Beachem,22.99794661190965,V.J.,Beachem,V. Beachem
47,WSH,SG,"6'5""",207,6/28/1993, Bradley  Beal,24.54757015742642,Bradley,Beal,B. Beal
48,DEN,G,"6'5""",195,11/26/1996, Malik  Beasley,21.13347022587269,Malik,Beasley,M. Beasley
49,NY,F,"6'9""",235,1/09/1989, Michael  Beasley,29.013004791238878,Michael,Beasley,M. Beasley
50,ATL,G/F,"6'5""",210,3/25/1986, Marco  Belinelli,31.808350444900753,Marco,Belinelli,M. Belinelli
51,GS,F/C,"6'9""",224,1/07/1995, Jordan  Bell,23.019849418206707,Jordan,Bell,J. Bell
52,ATL,SF,"6'6""",210,7/04/1994, DeAndre'  Bembry,23.531827515400412,DeAndre',Bembry,D. Bembry
53,PHX,PF,"7'1""",225,11/17/1997, Dragan  Bender,20.15879534565366,Dragan,Bender,D. Bender
54,FA,F,"6'8""",235,3/14/1993, Anthony  Bennett,24.83778234086242,Anthony,Bennett,A. Bennett
55,FA,SG,"6'4""",184,11/01/1991, Davion  Berry,26.203969883641342,Davion,Berry,D. Berry
56,SA,F,"6'10""",210,11/12/1992, Davis  Bertans,25.17180013689254,Davis,Bertans,D. Bertans
57,LAC,G,"6'1""",185,7/12/1988, Patrick  Beverley,29.508555783709788,Patrick,Beverley,P. Beverley
58,ORL,F/C,"6'9""",215,9/28/1992, Khem  Birch,25.295003422313485,Khem,Birch,K. Birch
59,BOS,SG,"6'6""",197,7/03/1994, Jabari  Bird,23.534565366187543,Jabari,Bird,J. Bird
60,ORL,F/C,"6'9""",255,8/28/1992, Bismack  Biyombo,25.37987679671458,Bismack,Biyombo,B. Biyombo
61,MIN,PF,"6'10""",235,5/09/1988, Nemanja  Bjelica,29.683778234086244,Nemanja,Bjelica,N. Bjelica
62,HOU,F/C,"6'9""",250,11/22/1991, Tarik  Black,26.146475017111566,Tarik,Black,T. Black
63,FA,SG,"6'4""",200,4/25/1995, James  Blackmon Jr.,22.72416153319644,James,Blackmon Jr.,J. Blackmon Jr.
64,CHI,PG,"6'4""",197,10/04/1996, Antonio  Blakeney,21.27857631759069,Antonio,Blakeney,A. Blakeney
65,MIL,G,"6'1""",205,12/09/1989, Eric  Bledsoe,28.098562628336754,Eric,Bledsoe,E. Bledsoe
66,FA,SF,"6'7""",220,9/16/1993, Jaron  Blossomgame,24.32854209445585,Jaron,Blossomgame,J. Blossomgame
67,LAL,PG,"6'5""",200,7/17/1992, Vander  Blue,25.49486652977413,Vander,Blue,V. Blue
68,SAC,SG,"6'6""",205,8/18/1992, Bogdan  Bogdanovic,25.4072553045859,Bogdan,Bogdanovic,B. Bogdanovic
69,IND,G/F,"6'8""",216,4/18/1989, Bojan  Bogdanovic,28.7419575633128,Bojan,Bogdanovic,B. Bogdanovic
70,LAL,C,"7'0""",260,11/28/1984, Andrew  Bogut,33.12799452429842,Andrew,Bogut,A. Bogut
71,FA,PF,"6'10""",220,1/02/1996, Jonah  Bolden,22.034223134839152,Jonah,Bolden,J. Bolden
72,MIL,PF,"6'9""",235,1/28/1994, Joel  Bolomboy,23.96167008898015,Joel,Bolomboy,J. Bolomboy
73,PHX,SG,"6'6""",210,10/30/1996, Devin  Booker,21.207392197125255,Devin,Booker,D. Booker
74,PHI,F/C,"6'8""",228,11/25/1987, Trevor  Booker,30.138261464750173,Trevor,Booker,T. Booker
75,FA,F/C,"6'11""",235,3/24/1984, Chris  Bosh,33.80971937029432,Chris,Bosh,C. Bosh
76,GS,F/C,"6'10""",200,1/11/1993, Chris  Boucher,25.00752908966461,Chris,Boucher,C. Boucher
77,DET,G,"6'2""",180,11/26/1990, Avery  Bradley,27.134839151266256,Avery,Bradley,A. Bradley
78,UTA,C,"6'10""",248,2/08/1998, Tony  Bradley,19.9315537303217,Tony,Bradley,T. Bradley
79,FA,SG,"6'7""",210,7/06/1991, Taylor  Braun,26.527036276522928,Taylor,Braun,T. Braun
80,LAL,G/F,"6'9""",186,3/05/1986, Corey  Brewer,31.863107460643395,Corey,Brewer,C. Brewer
81,FA,C,"7'0""",230,2/11/1994, Amida  Brimah,23.923340177960302,Amida,Brimah,A. Brimah
82,FA,PG,"6'3""",210,4/13/1996, Isaiah  Briscoe,21.754962354551676,Isaiah,Briscoe,I. Briscoe
83,MIL,G,"6'5""",215,12/11/1992, Malcolm  Brogdon,25.09240246406571,Malcolm,Brogdon,M. Brogdon
84,MIN,PG,"6'0""",161,1/14/1985, Aaron  Brooks,32.99931553730322,Aaron,Brooks,A. Brooks
85,MEM,G/F,"6'6""",220,1/22/1996, Dillon  Brooks,21.97946611909651,Dillon,Brooks,D. Brooks
86,MIN,SF,"6'7""",224,10/10/1992, Anthony  Brown,25.2621492128679,Anthony,Brown,A. Brown
87,HOU,G,"6'2""",175,9/24/1984, Bobby  Brown,33.30595482546201,Bobby,Brown,B. Brown
88,BOS,G/F,"6'7""",225,10/24/1996, Jaylen  Brown,21.22381930184805,Jaylen,Brown,J. Brown
89,TOR,PG,"6'5""",189,8/26/1990, Lorenzo  Brown,27.38672142368241,Lorenzo,Brown,L. Brown
90,FA,SG,"6'3""",185,1/29/1992, Markel  Brown,25.960301163586585,Markel,Brown,M. Brown
91,MIL,SG,"6'6""",230,2/10/1995, Sterling  Brown,22.926762491444215,Sterling,Brown,S. Brown
92,ATL,G/F,"6'8""",195,3/02/1993, Nicolas  Brussino,24.870636550308006,Nicolas,Brussino,N. Brussino
93,LAL,C,"6'10""",248,7/31/1997, Thomas  Bryant,20.45722108145106,Thomas,Bryant,T. Bryant
94,DET,G/F,"6'7""",205,3/16/1991, Reggie  Bullock,26.833675564681723,Reggie,Bullock,R. Bullock
95,FA,PG,"6'1""",191,11/12/1992, Trey  Burke,25.17180013689254,Trey,Burke,T. Burke
96,UTA,G,"6'6""",214,7/20/1991, Alec  Burks,26.48870636550308,Alec,Burks,A. Burks
97,MIN,G/F,"6'8""",236,9/14/1989, Jimmy  Butler,28.334017796030118,Jimmy,Butler,J. Butler
98,DET,PG,"6'3""",190,3/06/1989, Dwight  Buycks,28.859685147159478,Dwight,Buycks,D. Buycks
99,TOR,SF,"6'9""",218,9/21/1995, Bruno  Caboclo,22.316221765913756,Bruno,Caboclo,B. Caboclo
100,CLE,PG,"6'3""",200,9/28/1981, Jose  Calderon,36.29568788501027,Jose,Calderon,J. Calderon
101,LAL,G/F,"6'5""",205,2/18/1993, Kentavious  Caldwell-Pope,24.903490759753595,Kentavious,Caldwell-Pope,K. Caldwell-Pope
102,PHX,PG,"6'0""",201,5/21/1991, Isaiah  Canaan,26.652977412731005,Isaiah,Canaan,I. Canaan
103,FA,SF,"6'8""",210,4/10/1997, Vlatko  Cancar,20.763860369609855,Vlatko,Cancar,V. Cancar
104,HOU,F/C,"6'10""",240,5/18/1994, Clint  Capela,23.66050650239562,Clint,Capela,C. Capela
105,BKN,F,"6'8""",215,7/27/1986, DeMarre  Carroll,31.468856947296374,DeMarre,Carroll,D. Carroll
106,SAC,G/F,"6'6""",220,1/26/1977, Vince  Carter,40.96646132785763,Vince,Carter,V. Carter
107,CHA,PG,"6'6""",190,10/10/1991, Michael  Carter-Williams,26.26420260095825,Michael,Carter-Williams,M. Carter-Williams
108,LAL,SG,"6'4""",181,2/28/1994, Alex  Caruso,23.876796714579054,Alex,Caruso,A. Caruso
109,GS,F,"6'9""",225,6/22/1988, Omri  Casspi,29.56331279945243,Omri,Casspi,O. Casspi
110,SAC,F/C,"7'0""",240,8/18/1993, Willie  Cauley-Stein,24.407939767282684,Willie,Cauley-Stein,W. Cauley-Stein
111,FA,SG,"6'4""",210,11/29/1995, Troy  Caupain,22.127310061601644,Troy,Caupain,T. Caupain
112,ATL,F/C,"6'9""",238,2/09/1994, Tyler  Cavanaugh,23.928815879534564,Tyler,Cavanaugh,T. Cavanaugh
113,MEM,G,"6'2""",190,5/19/1986, Mario  Chalmers,31.65776865160849,Mario,Chalmers,M. Chalmers
114,PHX,C,"7'1""",240,10/02/1982, Tyson  Chandler,35.285420944558524,Tyson,Chandler,T. Chandler
115,DEN,G/F,"6'8""",225,5/10/1987, Wilson  Chandler,30.68309377138946,Wilson,Chandler,W. Chandler
116,FA,G/F,"6'8""",210,6/20/1983, Josh  Childress,34.57084188911704,Josh,Childress,J. Childress
117,PHX,F/C,"6'10""",240,7/02/1997, Marquese  Chriss,20.536618754277892,Marquese,Chriss,M. Chriss
118,FA,PF,"6'9""",250,12/01/1991, Rakeem  Christmas,26.12183436002738,Rakeem,Christmas,R. Christmas
119,FA,PG,"6'3""",190,11/01/1992, Semaj  Christon,25.201916495550993,Semaj,Christon,S. Christon
120,NO,G,"6'3""",175,3/07/1991, Ian  Clark,26.858316221765914,Ian,Clark,I. Clark
121,LAL,G,"6'5""",194,6/07/1992, Jordan  Clarkson,25.60438056125941,Jordan,Clarkson,J. Clarkson
122,DAL,PG,"6'4""",185,11/26/1993, Gian  Clavell,24.134154688569474,Gian,Clavell,G. Clavell
123,DAL,SG,"6'6""",195,2/02/1994, Antonius  Cleveland,23.94798083504449,Antonius,Cleveland,A. Cleveland
124,FA,G,"6'2""",175,10/13/1988, Norris  Cole,29.253935660506503,Norris,Cole,N. Cole
125,ATL,F/C,"6'10""",235,9/23/1997, John  Collins,20.309377138945926,John,Collins,J. Collins
126,POR,F/C,"7'0""",235,11/19/1997, Zach  Collins,20.1533196440794,Zach,Collins,Z. Collins
127,DAL,SG,"6'6""",215,10/03/1991, Kyle  Collinsworth,26.28336755646817,Kyle,Collinsworth,K. Collinsworth
128,IND,G,"6'0""",175,8/23/1987, Darren  Collison,30.39561943874059,Darren,Collison,D. Collison
129,OKC,F/C,"6'10""",255,10/26/1980, Nick  Collison,37.21834360027378,Nick,Collison,N. Collison
130,MEM,PG,"6'1""",175,10/11/1987, Mike  Conley,30.261464750171115,Mike,Conley,M. Conley
131,POR,G/F,"6'5""",210,1/06/1993, Pat  Connaughton,25.021218343600275,Pat,Connaughton,P. Connaughton
132,GS,PG,"6'2""",179,3/23/1993, Quinn  Cook,24.813141683778234,Quinn,Cook,Q. Cook
133,NO,SG,"6'5""",196,7/01/1994, Charles  Cooke,23.540041067761805,Charles,Cooke,C. Cooke
134,SAC,F/C,"6'10""",274,4/04/1991, Jack  Cooley,26.781656399726216,Jack,Cooley,J. Cooley
135,SA,PF,"6'10""",240,8/05/1993, Matt  Costello,24.4435318275154,Matt,Costello,M. Costello
136,NO,F/C,"6'11""",270,8/13/1990, DeMarcus  Cousins,27.422313483915126,DeMarcus,Cousins,D. Cousins
137,PHI,F,"6'9""",225,12/14/1990, Robert  Covington,27.085557837097877,Robert,Covington,R. Covington
138,BKN,G/F,"6'6""",215,4/09/1992, Allen  Crabbe,25.765913757700204,Allen,Crabbe,A. Crabbe
139,DEN,G/F,"6'6""",215,12/19/1990, Torrey  Craig,27.071868583162217,Torrey,Craig,T. Craig
140,MIN,G/F,"6'5""",185,3/20/1980, Jamal  Crawford,37.82067077344285,Jamal,Crawford,J. Crawford
141,NO,G,"6'4""",195,10/23/1988, Jordan  Crawford,29.22655715263518,Jordan,Crawford,J. Crawford
142,CLE,F,"6'6""",235,7/06/1990, Jae  Crowder,27.526351813826146,Jae,Crowder,J. Crowder
143,NO,F,"6'8""",230,4/22/1987, Dante  Cunningham,30.732375085557837,Dante,Cunningham,D. Cunningham
144,DAL,G,"6'2""",185,8/23/1990, Seth  Curry,27.394934976043807,Seth,Curry,S. Curry
145,GS,G,"6'3""",190,3/14/1988, Stephen  Curry,29.83709787816564,Stephen,Curry,S. Curry
146,PHX,G,"6'4""",205,7/15/1991, Troy  Daniels,26.50239561943874,Troy,Daniels,T. Daniels
147,NO,F/C,"6'10""",253,3/11/1993, Anthony  Davis,24.84599589322382,Anthony,Davis,A. Davis
148,MEM,PF,"6'11""",237,12/02/1996, Deyonta  Davis,21.117043121149898,Deyonta,Davis,D. Davis
149,POR,F/C,"6'10""",225,6/05/1989, Ed  Davis,28.61054072553046,Ed,Davis,E. Davis
150,FA,PG,"6'6""",194,5/24/1996, George  de Paula,21.642710472279262,George,de Paula,G. de Paula
151,ATL,C,"7'0""",245,8/12/1989, Dewayne  Dedmon,28.424366872005475,Dewayne,Dedmon,D. Dedmon
152,LAC,F,"6'9""",230,5/06/1994, Sam  Dekker,23.693360711841205,Sam,Dekker,S. Dekker
153,ATL,G,"6'3""",190,3/11/1989, Malcolm  Delaney,28.84599589322382,Malcolm,Delaney,M. Delaney
154,MIL,G,"6'4""",198,9/08/1990, Matthew  Dellavedova,27.351129363449694,Matthew,Dellavedova,M. Dellavedova
155,LAL,F,"6'9""",220,4/16/1985, Luol  Deng,32.747433264887064,Luol,Deng,L. Deng
156,TOR,G/F,"6'7""",221,8/07/1989, DeMar  DeRozan,28.438056125941138,DeMar,DeRozan,D. DeRozan
157,NO,PF,"6'9""",220,9/13/1996, Cheick  Diallo,21.336071184120467,Cheick,Diallo,C. Diallo
158,FA,F/C,"6'8""",250,4/16/1982, Boris  Diaw,35.748117727583846,Boris,Diaw,B. Diaw
159,MIN,F/C,"6'11""",251,1/18/1990, Gorgui  Dieng,27.98904859685147,Gorgui,Dieng,G. Dieng
160,BKN,PG,"6'6""",200,4/06/1993, Spencer  Dinwiddie,24.774811772758383,Spencer,Dinwiddie,S. Dinwiddie
161,FA,SG,"6'6""",210,-, Daniel  Dixon,,Daniel,Dixon,D. Dixon
162,ATL,PG,"6'5""",183,2/14/1996, Tyler  Dorsey,21.916495550992472,Tyler,Dorsey,T. Dorsey
163,NY,SG,"6'6""",205,5/06/1994, Damyean  Dotson,23.693360711841205,Damyean,Dotson,D. Dotson
164,BKN,PG,"6'4""",185,10/31/1993, Milton  Doyle,24.205338809034906,Milton,Doyle,M. Doyle
165,OKC,PG,"6'6""",205,10/25/1996, PJ  Dozier,21.22108145106092,PJ,Dozier,P. Dozier
166,MIA,G,"6'3""",190,5/06/1986, Goran  Dragic,31.693360711841205,Goran,Dragic,G. Dragic
167,FA,PG,"6'2""",180,3/05/1990, Larry  Drew II,27.863107460643395,Larry,Drew II,L. Drew II
168,DET,F/C,"6'11""",279,8/10/1993, Andre  Drummond,24.42984257357974,Andre,Drummond,A. Drummond
169,PHX,F,"6'7""",240,7/10/1985, Jared  Dudley,32.51471594798083,Jared,Dudley,J. Dudley
170,FA,G/F,"6'9""",220,9/15/1980, Mike  Dunleavy,37.3305954825462,Mike,Dunleavy,M. Dunleavy
171,CHI,G,"6'4""",208,3/18/1994, Kris  Dunn,23.82751540041068,Kris,Dunn,K. Dunn
172,GS,F,"6'9""",240,9/29/1988, Kevin  Durant,29.29226557152635,Kevin,Durant,K. Durant
173,FA,SG,"6'7""",218,10/30/1991, Jarell  Eddie,26.209445585215605,Jarell,Eddie,J. Eddie
174,DET,PF,"6'11""",245,1/13/1997, Henry  Ellenson,21.00205338809035,Henry,Ellenson,H. Ellenson
175,MIA,G/F,"6'5""",208,11/29/1987, Wayne  Ellington,30.127310061601644,Wayne,Ellington,W. Ellington
176,FA,G,"6'3""",185,10/26/1985, Monta  Ellis,32.219028062970565,Monta,Ellis,M. Ellis
177,PHI,F/C,"7'0""",260,3/16/1994, Joel  Embiid,23.83299110198494,Joel,Embiid,J. Embiid
178,LAL,PG,"6'3""",194,8/24/1994, Tyler  Ennis,23.392197125256672,Tyler,Ennis,T. Ennis
179,MEM,G/F,"6'7""",210,7/01/1990, James  Ennis III,27.540041067761805,James,Ennis III,J. Ennis III
180,LAC,PG,"6'0""",190,7/26/1996, Jawun  Evans,21.470225872689937,Jawun,Evans,J. Evans
181,FA,F,"6'9""",200,10/24/1987, Jeremy  Evans,30.2258726899384,Jeremy,Evans,J. Evans
182,MEM,G,"6'6""",220,9/19/1989, Tyreke  Evans,28.320328542094455,Tyreke,Evans,T. Evans
183,UTA,G,"6'6""",190,7/13/1995, Dante  Exum,22.507871321013006,Dante,Exum,D. Exum
184,FA,C,"6'11""",265,10/21/1989, Festus  Ezeli,28.23271731690623,Festus,Ezeli,F. Ezeli
185,DEN,F/C,"6'8""",228,11/19/1989, Kenneth  Faried,28.1533196440794,Kenneth,Faried,K. Faried
186,UTA,F/C,"6'10""",265,7/15/1991, Derrick  Favors,26.50239561943874,Derrick,Favors,D. Favors
187,CHI,PG,"5'9""",176,3/29/1995, Kay  Felder,22.798083504449007,Kay,Felder,K. Felder
188,CHI,C,"6'10""",290,7/07/1992, Cristiano  Felicio,25.522245037645447,Cristiano,Felicio,C. Felicio
189,WSH,G/F,"6'6""",200,8/17/1990, Carrick  Felix,27.411362080766597,Carrick,Felix,C. Felix
190,OKC,G,"6'1""",205,6/26/1984, Raymond  Felton,33.5523613963039,Raymond,Felton,R. Felton
191,OKC,G/F,"6'7""",184,5/17/1998, Terrance  Ferguson,19.66324435318275,Terrance,Ferguson,T. Ferguson
192,DAL,G,"6'0""",180,5/09/1993, Yogi  Ferrell,24.684462696783026,Yogi,Ferrell,Y. Ferrell
193,DAL,F,"6'8""",220,5/04/1993, Dorian  Finney-Smith,24.698151950718685,Dorian,Finney-Smith,D. Finney-Smith
194,SA,PG,"6'3""",190,7/23/1993, Bryn  Forbes,24.479123887748116,Bryn,Forbes,B. Forbes
195,ORL,G/F,"6'7""",205,10/29/1992, Evan  Fournier,25.21013004791239,Evan,Fournier,E. Fournier
196,SAC,PG,"6'3""",175,12/20/1997, De'Aaron  Fox,20.0684462696783,De'Aaron,Fox,D. Fox
197,FA,G,"6'4""",218,9/24/1983, Randy  Foye,34.30800821355236,Randy,Foye,R. Foye
198,WSH,G,"6'1""",170,11/01/1990, Tim  Frazier,27.20328542094456,Tim,Frazier,T. Frazier
199,CLE,F/C,"6'11""",255,5/17/1983, Channing  Frye,34.66392881587954,Channing,Frye,C. Frye
200,PHI,G,"6'4""",200,5/29/1998, Markelle  Fultz,19.630390143737166,Markelle,Fultz,M. Fultz
201,LAC,F,"6'10""",225,8/08/1988, Danilo  Gallinari,29.43463381245722,Danilo,Gallinari,D. Gallinari
202,DET,G,"6'2""",200,12/09/1991, Langston  Galloway,26.099931553730322,Langston,Galloway,L. Galloway
203,FA,SG,"6'6""",210,5/17/1993, Patricio  Garino,24.66255989048597,Patricio,Garino,P. Garino
204,MEM,C,"7'1""",255,1/29/1985, Marc  Gasol,32.95824777549623,Marc,Gasol,M. Gasol
205,SA,F/C,"7'0""",250,7/06/1980, Pau  Gasol,37.52498288843258,Pau,Gasol,P. Gasol
206,SA,F,"6'8""",230,8/17/1986, Rudy  Gay,31.411362080766597,Rudy,Gay,R. Gay
207,FA,SF,"6'7""",200,6/05/1992, Michael  Gbinije,25.609856262833677,Michael,Gbinije,M. Gbinije
208,OKC,G/F,"6'9""",220,5/02/1990, Paul  George,27.704312114989733,Paul,George,P. George
209,MIN,SG,"6'5""",226,3/28/1994, Marcus  Georges-Hunt,23.800136892539356,Marcus,Georges-Hunt,M. Georges-Hunt
210,MIN,F/C,"6'9""",235,6/24/1985, Taj  Gibson,32.558521560574945,Taj,Gibson,T. Gibson
211,SAC,F/C,"6'10""",240,4/22/1998, Harry  Giles,19.731690622861056,Harry,Giles,H. Giles
212,SA,G/F,"6'6""",205,7/28/1977, Manu  Ginobili,40.46543463381246,Manu,Ginobili,M. Ginobili
213,UTA,C,"7'1""",245,6/26/1992, Rudy  Gobert,25.5523613963039,Rudy,Gobert,R. Gobert
214,FA,G,"6'5""",205,8/17/1994, Archie  Goodwin,23.411362080766597,Archie,Goodwin,A. Goodwin
215,ORL,F,"6'9""",220,9/16/1995, Aaron  Gordon,22.32991101984942,Aaron,Gordon,A. Gordon
216,HOU,SG,"6'4""",215,12/25/1988, Eric  Gordon,29.05407255304586,Eric,Gordon,E. Gordon
217,WSH,C,"6'11""",240,2/17/1984, Marcin  Gortat,33.908281998631075,Marcin,Gortat,M. Gortat
218,FA,SG,"6'5""",195,3/26/1993, Torian  Graham,24.804928131416837,Torian,Graham,T. Graham
219,CHA,G/F,"6'5""",219,10/28/1993, Treveon  Graham,24.213552361396303,Treveon,Graham,T. Graham
220,OKC,F,"6'9""",220,3/12/1994, Jerami  Grant,23.84394250513347,Jerami,Grant,J. Grant
221,CHI,G,"6'4""",205,10/09/1992, Jerian  Grant,25.26488706365503,Jerian,Grant,J. Grant
222,SA,G/F,"6'6""",215,6/22/1987, Danny  Green,30.56536618754278,Danny,Green,D. Green
223,GS,F/C,"6'7""",230,3/04/1990, Draymond  Green,27.865845311430526,Draymond,Green,D. Green
224,HOU,G/F,"6'7""",205,1/26/1986, Gerald  Green,31.967145790554415,Gerald,Green,G. Green
225,MEM,F/C,"6'9""",227,6/21/1990, JaMychal  Green,27.567419575633128,JaMychal,Green,J. Green
226,CLE,F,"6'9""",235,8/28/1986, Jeff  Green,31.381245722108144,Jeff,Green,J. Green
227,LAC,F/C,"6'10""",251,3/16/1989, Blake  Griffin,28.83230663928816,Blake,Griffin,B. Griffin
228,UTA,SF,"6'7""",205,5/26/1990, Eric  Griffin,27.638603696098563,Eric,Griffin,E. Griffin
229,FA,PG,"6'4""",195,10/05/1993, Alex  Hamilton,24.27652292950034,Alex,Hamilton,A. Hamilton
230,OKC,SF,"6'7""",195,8/08/1995, Daniel  Hamilton,22.43668720054757,Daniel,Hamilton,D. Hamilton
231,FA,SG,"6'5""",195,5/14/1994, Isaac  Hamilton,23.67145790554415,Isaac,Hamilton,I. Hamilton
232,FA,F/C,"7'0""",255,4/01/1990, Justin  Hamilton,27.789185489390828,Justin,Hamilton,J. Hamilton
233,MIA,C,"7'0""",250,8/27/1992, A.J.  Hammons,25.38261464750171,A.J.,Hammons,A. Hammons
234,NY,G/F,"6'6""",205,3/16/1992, Tim  Hardaway Jr.,25.831622176591377,Tim,Hardaway Jr.,T. Hardaway Jr.
235,HOU,G,"6'5""",220,8/26/1989, James  Harden,28.386036960985628,James,Harden,J. Harden
236,POR,SF,"6'9""",220,5/11/1993, Maurice  Harkless,24.67898699520876,Maurice,Harkless,M. Harkless
237,LAC,F/C,"6'8""",240,1/26/1994, Montrezl  Harrell,23.967145790554415,Montrezl,Harrell,M. Harrell
238,DAL,G,"6'3""",185,2/27/1983, Devin  Harris,34.88021902806297,Devin,Harris,D. Harris
239,DEN,G/F,"6'4""",210,9/14/1994, Gary  Harris,23.3347022587269,Gary,Harris,G. Harris
240,BKN,SG,"6'6""",219,9/07/1991, Joe  Harris,26.354551676933607,Joe,Harris,J. Harris
241,DET,F,"6'9""",235,7/15/1992, Tobias  Harris,25.50034223134839,Tobias,Harris,T. Harris
242,MEM,G,"6'6""",213,10/20/1994, Andrew  Harrison,23.236139630390145,Andrew,Harrison,A. Harrison
243,LAL,SG,"6'5""",205,3/06/1995, Josh  Hart,22.861054072553046,Josh,Hart,J. Hart
244,FA,PF,"7'0""",250,5/05/1998, Isaiah  Hartenstein,19.696098562628336,Isaiah,Hartenstein,I. Hartenstein
245,MIA,PF,"6'8""",235,6/09/1980, Udonis  Haslem,37.59890485968515,Udonis,Haslem,U. Haslem
246,FA,F/C,"7'1""",245,4/28/1988, Spencer  Hawes,29.713894592744694,Spencer,Hawes,S. Hawes
247,FA,PF,"6'8""",240,12/16/1994, Nigel  Hayes,23.080082135523615,Nigel,Hayes,N. Hayes
248,BOS,G/F,"6'8""",226,3/23/1990, Gordon  Hayward,27.813826146475016,Gordon,Hayward,G. Hayward
249,FA,SG,"6'4""",210,8/14/1991, Reggie  Hearn,26.420260095824776,Reggie,Hearn,R. Hearn
250,FA,G/F,"6'5""",215,12/09/1987, Gerald  Henderson,30.099931553730322,Gerald,Henderson,G. Henderson
251,FA,SG,"6'5""",190,3/21/1994, Terry  Henderson,23.81930184804928,Terry,Henderson,T. Henderson
252,MEM,SF,"6'6""",238,12/23/1992, Myke  Henry,25.059548254620122,Myke,Henry,M. Henry
253,MIL,F/C,"6'11""",229,12/28/1990, John  Henson,27.04722792607803,John,Henson,J. Henson
254,FA,SF,"6'6""",215,1/06/1992, LaDontae  Henton,26.023271731690624,LaDontae,Henton,L. Henton
255,NY,C,"6'11""",240,5/27/1994, Guillermo  Hernangomez,23.63586584531143,Guillermo,Hernangomez,G. Hernangomez
256,DEN,F,"6'9""",230,9/28/1995, Juancho  Hernangomez,22.297056810403834,Juancho,Hernangomez,J. Hernangomez
257,ORL,G/F,"6'8""",218,2/25/1995, Mario  Hezonja,22.885694729637233,Mario,Hezonja,M. Hezonja
258,FA,C,"7'2""",270,12/11/1986, Roy  Hibbert,31.093771389459274,Roy,Hibbert,R. Hibbert
259,NY,PF,"6'9""",242,7/24/1994, Isaiah  Hicks,23.477070499657767,Isaiah,Hicks,I. Hicks
260,SAC,SG,"6'4""",214,12/17/1993, Buddy  Hield,24.076659822039698,Buddy,Hield,B. Hield
261,HOU,F/C,"6'11""",250,9/13/1982, Nene  Hilario,35.337440109514034,Nene,Hilario,N. Hilario
262,SAC,G,"6'3""",188,5/04/1986, George  Hill,31.698836413415467,George,Hill,G. Hill
263,FA,F/C,"6'10""",240,7/27/1987, Jordan  Hill,30.469541409993155,Jordan,Hill,J. Hill
264,NO,G/F,"6'7""",225,3/18/1991, Solomon  Hill,26.82819986310746,Solomon,Hill,S. Hill
265,SA,SG,"6'6""",220,4/13/1993, Darrun  Hilliard,24.75564681724846,Darrun,Hilliard,D. Hilliard
266,NO,G,"6'4""",205,6/12/1990, Jrue  Holiday,27.592060232717316,Jrue,Holiday,J. Holiday
267,CHI,G/F,"6'6""",185,4/05/1989, Justin  Holiday,28.777549623545518,Justin,Holiday,J. Holiday
268,CLE,SG,"6'5""",205,11/06/1988, John  Holland,29.188227241615333,John,Holland,J. Holland
269,BKN,F,"6'7""",214,1/03/1995, Rondae  Hollis-Jefferson,23.030800821355236,Rondae,Hollis-Jefferson,R. Hollis-Jefferson
270,FA,PF,"6'8""",240,12/09/1992, Jonathan  Holmes,25.097878165639973,Jonathan,Holmes,J. Holmes
271,PHI,F/C,"6'10""",235,10/15/1993, Richaun  Holmes,24.249144421629023,Richaun,Holmes,R. Holmes
272,UTA,G/F,"6'8""",206,10/20/1992, Rodney  Hood,25.234770704996578,Rodney,Hood,R. Hood
273,BOS,F/C,"6'10""",245,6/03/1986, Al  Horford,31.616700889801507,Al,Horford,A. Horford
274,PHX,SG,"6'7""",215,6/07/1993, Danuel  House,24.605065023956193,Danuel,House,D. House
275,CHA,F/C,"6'11""",265,12/08/1985, Dwight  Howard,32.101300479123886,Dwight,Howard,D. Howard
276,OKC,SF,"6'7""",230,12/19/1991, Josh  Huestis,26.072553045859,Josh,Huestis,J. Huestis
277,FA,F/C,"6'9""",245,2/06/1985, Kris  Humphries,32.936344969199176,Kris,Humphries,K. Humphries
278,MEM,PF,"6'8""",208,8/05/1994, Vince  Hunter,23.444216290212182,Vince,Hunter,V. Hunter
279,TOR,F/C,"6'10""",235,9/18/1989, Serge  Ibaka,28.32306639288159,Serge,Ibaka,S. Ibaka
280,GS,G/F,"6'6""",215,1/28/1984, Andre  Iguodala,33.96303901437371,Andre,Iguodala,A. Iguodala
281,ATL,F,"6'10""",235,5/15/1987, Ersan  Ilyasova,30.6694045174538,Ersan,Ilyasova,E. Ilyasova
282,UTA,G/F,"6'8""",226,10/02/1987, Joe  Ingles,30.286105407255306,Joe,Ingles,J. Ingles
283,LAL,G/F,"6'9""",190,9/02/1997, Brandon  Ingram,20.366872005475702,Brandon,Ingram,B. Ingram
284,FA,SG,"6'2""",195,3/14/1995, Ike  Iroegbu,22.83915126625599,Ike,Iroegbu,I. Iroegbu
285,BOS,G,"6'3""",193,3/23/1992, Kyrie  Irving,25.812457221081452,Kyrie,Irving,K. Irving
286,ORL,PF,"6'10""",210,10/03/1997, Jonathan  Isaac,20.281998631074607,Jonathan,Isaac,J. Isaac
287,ORL,G/F,"6'7""",195,12/20/1994, Wes  Iwundu,23.069130732375086,Wes,Iwundu,W. Iwundu
288,NY,G,"6'3""",200,10/28/1983, Jarrett  Jack,34.21492128678987,Jarrett,Jack,J. Jack
289,HOU,PG,"6'1""",201,9/07/1994, Demetrius  Jackson,23.353867214236825,Demetrius,Jackson,D. Jackson
290,NO,PG,"6'3""",205,5/04/1998, Frank  Jackson,19.698836413415467,Frank,Jackson,F. Jackson
291,PHX,G/F,"6'8""",200,2/10/1997, Josh  Jackson,20.92539356605065,Josh,Jackson,J. Jackson
292,SAC,SF,"6'8""",210,3/28/1995, Justin  Jackson,22.80082135523614,Justin,Jackson,J. Jackson
293,DET,G,"6'3""",208,4/16/1990, Reggie  Jackson,27.748117727583846,Reggie,Jackson,R. Jackson
294,CLE,F,"6'8""",250,12/30/1984, LeBron  James,33.040383299110196,LeBron,James,L. James
295,PHX,PG,"6'1""",195,8/18/1990, Mike  James,27.408624229979466,Mike,James,M. James
296,FA,PG,"6'4""",195,9/01/1995, Ognen  Jaramaz,22.3709787816564,Ognen,Jaramaz,O. Jaramaz
297,IND,F/C,"6'10""",289,1/04/1985, Al  Jefferson,33.02669404517454,Al,Jefferson,A. Jefferson
298,FA,PF,"6'9""",224,5/07/1993, Amile  Jefferson,24.689938398357288,Amile,Jefferson,A. Jefferson
299,DEN,G/F,"6'7""",233,6/21/1980, Richard  Jefferson,37.56605065023956,Richard,Jefferson,R. Jefferson
300,FA,G/F,"6'4""",205,3/06/1991, John  Jenkins,26.861054072553046,John,Jenkins,J. Jenkins
301,FA,PG,"6'1""",170,9/23/1989, Brandon  Jennings,28.309377138945926,Brandon,Jennings,B. Jennings
302,UTA,F,"6'10""",231,3/02/1987, Jonas  Jerebko,30.872005475701574,Jonas,Jerebko,J. Jerebko
303,PHI,F/C,"6'9""",240,5/01/1987, Amir  Johnson,30.70773442847365,Amir,Johnson,A. Johnson
304,LAC,PF,"6'10""",230,6/27/1994, Brice  Johnson,23.550992470910334,Brice,Johnson,B. Johnson
305,FA,G/F,"6'6""",201,4/29/1990, Chris  Johnson,27.71252566735113,Chris,Johnson,C. Johnson
306,OKC,C,"7'0""",255,9/22/1995, Dakari  Johnson,22.313483915126625,Dakari,Johnson,D. Johnson
307,MIA,F,"6'8""",250,2/20/1987, James  Johnson,30.899383983572896,James,Johnson,J. Johnson
308,FA,SF,"6'9""",230,8/07/1996, Jaylen  Johnson,21.437371663244353,Jaylen,Johnson,J. Johnson
309,UTA,F,"6'7""",240,6/29/1981, Joe  Johnson,36.544832306639286,Joe,Johnson,J. Johnson
310,DET,G/F,"6'7""",245,5/29/1996, Stanley  Johnson,21.6290212183436,Stanley,Johnson,S. Johnson
311,MIA,G,"6'4""",190,5/07/1992, Tyler  Johnson,25.689253935660506,Tyler,Johnson,T. Johnson
312,LAC,G/F,"6'7""",215,7/11/1987, Wesley  Johnson,30.51334702258727,Wesley,Johnson,W. Johnson
313,FA,PG,"6'6""",205,3/30/1994, Peter  Jok,23.794661190965094,Peter,Jok,P. Jok
314,DEN,F/C,"6'10""",250,2/19/1995, Nikola  Jokic,22.902121834360027,Nikola,Jokic,N. Jokic
315,FA,G/F,"6'6""",225,12/27/1980, Dahntay  Jones,37.04859685147159,Dahntay,Jones,D. Jones
316,GS,C,"7'0""",245,6/30/1995, Damian  Jones,22.543463381245722,Damian,Jones,D. Jones
317,FA,G/F,"6'8""",221,6/20/1990, DeQuan  Jones,27.57015742642026,DeQuan,Jones,D. Jones
318,DAL,G/F,"6'7""",220,5/27/1993, Jalen  Jones,24.635181382614647,Jalen,Jones,J. Jones
319,FA,G/F,"6'8""",218,10/04/1980, James  Jones,37.27857631759069,James,Jones,J. Jones
320,FA,SG,"6'5""",205,12/05/1994, Matt  Jones,23.110198494182068,Matt,Jones,M. Jones
321,FA,F,"6'11""",235,9/24/1991, Perry  Jones,26.308008213552363,Perry,Jones,P. Jones
322,MIN,PG,"6'2""",184,5/10/1996, Tyus  Jones,21.68104038329911,Tyus,Jones,T. Jones
323,MIA,SF,"6'7""",195,2/15/1997, Derrick  Jones Jr.,20.91170431211499,Derrick,Jones Jr.,D. Jones Jr.
324,LAC,C,"6'11""",265,7/21/1988, DeAndre  Jordan,29.4839151266256,DeAndre,Jordan,D. Jordan
325,IND,PG,"6'3""",193,8/20/1991, Cory  Joseph,26.403832991101986,Cory,Joseph,C. Joseph
326,FA,PF,"6'10""",225,9/21/1996, Alpha  Kaba,21.31416837782341,Alpha,Kaba,A. Kaba
327,CHA,F/C,"7'0""",242,4/04/1993, Frank  Kaminsky,24.78028747433265,Frank,Kaminsky,F. Kaminsky
328,NY,C,"6'11""",245,5/20/1992, Enes  Kanter,25.65366187542779,Enes,Kanter,E. Kanter
329,FA,F,"6'11""",230,4/09/1991, Ryan  Kelly,26.767967145790553,Ryan,Kelly,R. Kelly
330,DET,SG,"6'5""",200,6/24/1996, Luke  Kennard,21.557837097878167,Luke,Kennard,L. Kennard
331,CHA,SF,"6'7""",232,9/26/1993, Michael  Kidd-Gilchrist,24.301163586584533,Michael,Kidd-Gilchrist,M. Kidd-Gilchrist
332,MIL,G,"6'4""",212,1/06/1990, Sean  Kilpatrick,28.021902806297057,Sean,Kilpatrick,S. Kilpatrick
333,DAL,PF,"6'11""",220,1/29/1992, Maxi  Kleber,25.960301163586585,Maxi,Kleber,M. Kleber
334,PHX,G,"6'3""",195,12/02/1991, Brandon  Knight,26.119096509240247,Brandon,Knight,B. Knight
335,FA,SG,"6'3""",190,11/13/1994, Bronson  Koenig,23.170431211498972,Bronson,Koenig,B. Koenig
336,PHI,SG,"6'7""",185,7/24/1997, Furkan  Korkmaz,20.476386036960985,Furkan,Korkmaz,F. Korkmaz
337,NY,F/C,"7'1""",250,7/15/1995, Luke  Kornet,22.50239561943874,Luke,Kornet,L. Kornet
338,CLE,G/F,"6'7""",212,3/17/1981, Kyle  Korver,36.82956878850103,Kyle,Korver,K. Korver
339,SAC,F/C,"7'0""",265,2/24/1989, Kosta  Koufos,28.8870636550308,Kosta,Koufos,K. Koufos
340,LAL,F,"6'9""",221,7/24/1995, Kyle  Kuzma,22.477754962354553,Kyle,Kuzma,K. Kuzma
341,NY,F,"6'9""",215,10/19/1989, Mindaugas  Kuzminskas,28.238193018480494,Mindaugas,Kuzminskas,M. Kuzminskas
342,SAC,F/C,"6'11""",225,3/18/1996, Skal  Labissiere,21.82614647501711,Skal,Labissiere,S. Labissiere
343,CHA,G/F,"6'5""",185,5/30/1992, Jeremy  Lamb,25.626283367556468,Jeremy,Lamb,J. Lamb
344,BOS,PG,"5'11""",175,10/02/1992, Shane  Larkin,25.284052019164957,Shane,Larkin,S. Larkin
345,SA,F/C,"6'11""",260,9/30/1991, Joffrey  Lauvergne,26.29158110882957,Joffrey,Lauvergne,J. Lauvergne
346,CHI,G,"6'5""",208,3/10/1995, Zach  LaVine,22.850102669404517,Zach,LaVine,Z. LaVine
347,FA,PG,"5'11""",195,11/03/1987, Ty  Lawson,30.198494182067076,Ty,Lawson,T. Lawson
348,POR,PF,"6'9""",215,3/07/1994, Jake  Layman,23.857631759069132,Jake,Layman,J. Layman
349,IND,PF,"6'10""",225,4/30/1997, TJ  Leaf,20.709103353867214,TJ,Leaf,T. Leaf
350,NY,G/F,"6'5""",200,10/03/1985, Courtney  Lee,32.28199863107461,Courtney,Lee,C. Lee
351,FA,F/C,"6'9""",245,4/29/1983, David  Lee,34.71321013004791,David,Lee,D. Lee
352,PHX,F/C,"7'1""",250,6/16/1993, Alex  Len,24.580424366872005,Alex,Len,A. Len
353,SA,G/F,"6'7""",230,6/29/1991, Kawhi  Leonard,26.546201232032853,Kawhi,Leonard,K. Leonard
354,POR,F/C,"7'1""",255,2/27/1992, Meyers  Leonard,25.880903490759753,Meyers,Leonard,M. Leonard
355,FA,PF,"6'9""",240,9/29/1995, Mathias  Lessort,22.2943189596167,Mathias,Lessort,M. Lessort
356,DET,F/C,"6'10""",228,5/14/1989, Jon  Leuer,28.670773442847366,Jon,Leuer,J. Leuer
357,BKN,SF,"6'7""",203,8/25/1994, Caris  LeVert,23.38945927446954,Caris,LeVert,C. LeVert
358,NO,G/F,"6'6""",209,3/31/1988, DeAndre  Liggins,29.790554414784395,DeAndre,Liggins,D. Liggins
359,POR,PG,"6'3""",195,7/15/1990, Damian  Lillard,27.50171115674196,Damian,Lillard,D. Lillard
360,BKN,G,"6'3""",200,8/23/1988, Jeremy  Lin,29.39356605065024,Jeremy,Lin,J. Lin
361,GS,G,"6'7""",192,9/11/1985, Shaun  Livingston,32.342231348391515,Shaun,Livingston,S. Livingston
362,FA,F/C,"6'9""",255,1/29/1993, Shawn  Long,24.958247775496236,Shawn,Long,S. Long
363,GS,F/C,"6'9""",220,2/06/1996, Kevon  Looney,21.93839835728953,Kevon,Looney,K. Looney
364,LAL,C,"7'0""",268,4/01/1988, Brook  Lopez,29.78781656399726,Brook,Lopez,B. Lopez
365,CHI,C,"7'0""",282,4/01/1988, Robin  Lopez,29.78781656399726,Robin,Lopez,R. Lopez
366,CLE,F/C,"6'10""",251,9/07/1988, Kevin  Love,29.352498288843258,Kevin,Love,K. Love
367,TOR,PG,"6'1""",196,3/25/1986, Kyle  Lowry,31.808350444900753,Kyle,Lowry,K. Lowry
368,FA,PG,"6'1""",195,5/24/1989, Kalin  Lucas,28.643394934976044,Kalin,Lucas,K. Lucas
369,PHI,G/F,"6'6""",200,5/09/1995, Timothe  Luwawu-Cabarrot,22.68583162217659,Timothe,Luwawu-Cabarrot,T. Luwawu-Cabarrot
370,DEN,PF,"6'10""",225,4/09/1996, Tyler  Lydon,21.765913757700204,Tyler,Lydon,T. Lydon
371,DEN,PF,"6'10""",234,11/05/1995, Trey  Lyles,22.193018480492814,Trey,Lyles,T. Lyles
372,WSH,SG,"6'6""",200,12/21/1992, Sheldon  Mac,25.065023956194388,Sheldon,Mac,S. Mac
373,ORL,PG,"6'3""",203,4/22/1990, Shelvin  Mack,27.731690622861056,Shelvin,Mack,S. Mack
374,ATL,PG,"6'1""",160,11/28/1989, Josh  Magette,28.128678986995208,Josh,Magette,J. Magette
375,WSH,C,"6'11""",262,11/05/1986, Ian  Mahinmi,31.19233401779603,Ian,Mahinmi,I. Mahinmi
376,MIL,F/C,"7'1""",223,2/25/1997, Thon  Maker,20.88432580424367,Thon,Maker,T. Maker
377,DET,C,"7'3""",290,8/15/1988, Boban  Marjanovic,29.415468856947296,Boban,Marjanovic,B. Marjanovic
378,CHI,PF,"7'0""",227,5/22/1997, Lauri  Markkanen,20.648870636550306,Lauri,Markkanen,L. Markkanen
379,FA,PG,"6'4""",200,8/19/1991, Kendall  Marshall,26.406570841889117,Kendall,Marshall,K. Marshall
380,MEM,F/C,"6'10""",239,5/24/1994, Jarell  Martin,23.644079397672826,Jarell,Martin,J. Martin
381,SAC,PG,"5'11""",190,4/03/1994, Frank  Mason III,23.783709787816566,Frank,Mason III,F. Mason III
382,FA,PG,"6'4""",203,6/22/1994, Jordan  Mathews,23.564681724845997,Jordan,Mathews,J. Mathews
383,CHA,F/C,"6'10""",230,10/08/1992, Mangok  Mathiang,25.267624914442163,Mangok,Mathiang,M. Mathiang
384,DAL,G/F,"6'5""",220,10/14/1986, Wesley  Matthews,31.252566735112936,Wesley,Matthews,W. Matthews
385,HOU,F,"6'8""",230,9/09/1986, Luc Richard  Mbah a Moute,31.34839151266256,Luc, Mbah a Moute,L.  Mbah a Moute
386,PHI,PF,"6'9""",225,1/04/1993, James Michael  McAdoo,25.026694045174537,James, McAdoo,J.  McAdoo
387,FA,SG,"6'5""",195,8/17/1994, Tahjere  McCall,23.411362080766597,Tahjere,McCall,T. McCall
388,GS,G/F,"6'7""",185,10/25/1995, Patrick  McCaw,22.223134839151268,Patrick,McCaw,P. McCaw
389,POR,G,"6'3""",190,9/19/1991, CJ  McCollum,26.321697467488022,CJ,McCollum,C. McCollum
390,PHI,PG,"6'2""",190,3/25/1992, T.J.  McConnell,25.806981519507186,T.J.,McConnell,T. McConnell
391,UTA,SF,"6'8""",225,12/20/1993, Erik  McCree,24.0684462696783,Erik,McCree,E. McCree
392,WSH,PF,"6'9""",215,2/05/1995, Chris  McCullough,22.940451745379878,Chris,McCullough,C. McCullough
393,TOR,SF,"6'6""",205,2/09/1993, K.J.  McDaniels,24.928131416837783,K.J.,McDaniels,K. McDaniels
394,NY,SF,"6'8""",225,1/03/1992, Doug  McDermott,26.031485284052017,Doug,McDermott,D. McDermott
395,GS,C,"7'0""",270,1/19/1988, JaVale  McGee,29.987679671457904,JaVale,McGee,J. McGee
396,MIA,SG,"6'5""",200,7/29/1991, Rodney  McGruder,26.46406570841889,Rodney,McGruder,R. McGruder
397,FA,SG,"6'5""",220,8/27/1990, Trey  McKinney Jones,27.38398357289528,Trey,McKinney Jones,T. McKinney Jones
398,TOR,PF,"6'8""",215,9/17/1992, Alfonzo  McKinnie,25.32511978097194,Alfonzo,McKinnie,A. McKinnie
399,MEM,SG,"6'5""",195,2/11/1993, Ben  McLemore,24.922655715263517,Ben,McLemore,B. McLemore
400,DAL,F/C,"6'10""",240,2/28/1987, Josh  McRoberts,30.87748117727584,Josh,McRoberts,J. McRoberts
401,WSH,SG,"6'4""",210,8/21/1987, Jodie  Meeks,30.401095140314855,Jodie,Meeks,J. Meeks
402,FA,C,"6'10""",260,2/05/1995, Kennedy  Meeks,22.940451745379878,Kennedy,Meeks,K. Meeks
403,DAL,C,"7'2""",235,6/15/1986, Salah  Mejri,31.583846680355922,Salah,Mejri,S. Mejri
404,MIA,F/C,"6'8""",235,7/09/1994, Jordan  Mickey,23.51813826146475,Jordan,Mickey,J. Mickey
405,MIL,G/F,"6'8""",234,8/12/1991, Khris  Middleton,26.425735797399042,Khris,Middleton,K. Middleton
406,TOR,G/F,"6'6""",230,3/18/1987, C.J.  Miles,30.82819986310746,C.J.,Miles,C. Miles
407,NO,G/F,"6'8""",225,3/21/1990, Darius  Miller,27.81930184804928,Darius,Miller,D. Miller
408,TOR,PF,"6'7""",210,3/06/1993, Malcolm  Miller,24.859685147159478,Malcolm,Miller,M. Miller
409,FA,G/F,"6'8""",218,2/19/1980, Mike  Miller,37.90280629705681,Mike,Miller,M. Miller
410,SA,PG,"6'0""",180,8/11/1988, Patty  Mills,29.426420260095824,Patty,Mills,P. Mills
411,FA,G/F,"6'6""",215,8/12/1987, Elijah  Millsap,30.425735797399042,Elijah,Millsap,E. Millsap
412,DEN,F/C,"6'8""",246,2/10/1985, Paul  Millsap,32.92539356605065,Paul,Millsap,P. Millsap
413,CHI,F,"6'10""",260,2/11/1991, Nikola  Mirotic,26.924024640657084,Nikola,Mirotic,N. Mirotic
414,FA,PF,"6'8""",235,6/26/1992, Akil  Mitchell,25.5523613963039,Akil,Mitchell,A. Mitchell
415,UTA,G,"6'3""",215,9/07/1996, Donovan  Mitchell,21.352498288843258,Donovan,Mitchell,D. Mitchell
416,FA,F,"6'9""",240,4/07/1992, Tony  Mitchell,25.77138945927447,Tony,Mitchell,T. Mitchell
417,UTA,PG,"6'4""",203,8/03/1993, Nazareth  Mitrou-Long,24.449007529089666,Nazareth,Mitrou-Long,N. Mitrou-Long
418,CHA,SG,"6'3""",200,2/04/1998, Malik  Monk,19.942505133470227,Malik,Monk,M. Monk
419,PHX,F/C,"6'11""",265,6/04/1990, Greg  Monroe,27.613963039014372,Greg,Monroe,G. Monroe
420,DET,SF,"6'7""",200,4/06/1993, Luis  Montero,24.774811772758383,Luis,Montero,L. Montero
421,FA,SF,"6'8""",220,5/13/1995, Ben  Moore,22.67488021902806,Ben,Moore,B. Moore
422,NO,G/F,"6'4""",191,2/25/1989, E'Twaun  Moore,28.88432580424367,E'Twaun,Moore,E. Moore
423,FA,SF,"6'9""",225,8/21/1995, Jalen  Moore,22.401095140314855,Jalen,Moore,J. Moore
424,FA,C,"6'11""",220,7/31/1991, Yanick  Moreira,26.458590006844627,Yanick,Moreira,Y. Moreira
425,DET,PF,"6'10""",238,12/24/1991, Eric  Moreland,26.05886379192334,Eric,Moreland,E. Moreland
426,FA,SG,"6'5""",195,5/08/1995, Jeremy  Morgan,22.688569472963724,Jeremy,Morgan,J. Morgan
427,BOS,F,"6'9""",235,9/02/1989, Marcus  Morris,28.366872005475702,Marcus,Morris,M. Morris
428,WSH,F/C,"6'10""",245,9/02/1989, Markieff  Morris,28.366872005475702,Markieff,Morris,M. Morris
429,DEN,PG,"6'3""",175,6/27/1995, Monte  Morris,22.55167693360712,Monte,Morris,M. Morris
430,FA,G/F,"6'5""",210,9/27/1985, Anthony  Morrow,32.2984257357974,Anthony,Morrow,A. Morrow
431,FA,F/C,"7'0""",222,9/20/1990, Donatas  Motiejunas,27.318275154004105,Donatas,Motiejunas,D. Motiejunas
432,DAL,SF,"6'10""",230,5/04/1995, Johnathan  Motley,22.699520876112253,Johnathan,Motley,J. Motley
433,BKN,C,"7'1""",275,7/16/1986, Timofey  Mozgov,31.498973305954827,Timofey,Mozgov,T. Mozgov
434,DEN,PG,"6'5""",200,3/05/1996, Emmanuel  Mudiay,21.861738535249827,Emmanuel,Mudiay,E. Mudiay
435,MIN,G/F,"6'6""",221,11/13/1992, Shabazz  Muhammad,25.169062286105408,Shabazz,Muhammad,S. Muhammad
436,MIL,SG,"6'2""",180,6/01/1992, Xavier  Munford,25.620807665982205,Xavier,Munford,X. Munford
437,FA,PF,"6'8""",220,12/14/1993, Kamari  Murphy,24.084873374401095,Kamari,Murphy,K. Murphy
438,SA,PG,"6'5""",170,9/19/1996, Dejounte  Murray,21.319644079397673,Dejounte,Murray,D. Murray
439,DEN,G,"6'4""",207,2/23/1997, Jamal  Murray,20.889801505817932,Jamal,Murray,J. Murray
440,ATL,F/C,"6'11""",240,7/01/1991, Mike  Muscala,26.54072553045859,Mike,Muscala,M. Muscala
441,BOS,PF,"6'6""",225,9/25/1993, Abdel  Nader,24.303901437371664,Abdel,Nader,A. Nader
442,LAL,F/C,"6'9""",230,1/01/1993, Larry  Nance Jr.,25.034907597535934,Larry,Nance Jr.,L. Nance Jr.
443,POR,PG,"6'1""",175,7/14/1991, Shabazz  Napier,26.50513347022587,Shabazz,Napier,S. Napier
444,FA,F,"6'9""",200,6/18/1992, Maurice  Ndour,25.574264202600958,Maurice,Ndour,M. Ndour
445,NO,PG,"6'0""",190,2/09/1982, Jameer  Nelson,35.92881587953457,Jameer,Nelson,J. Nelson
446,UTA,PG,"6'1""",179,5/19/1992, Raul  Neto,25.65639972621492,Raul,Neto,R. Neto
447,FA,PF,"6'6""",231,6/17/1993, Georges  Niang,24.577686516084874,Georges,Niang,G. Niang
448,FA,PF,"6'9""",250,12/08/1989, Andrew  Nicholson,28.10130047912389,Andrew,Nicholson,A. Nicholson
449,FA,C,"6'10""",255,4/09/1994, Landry  Nnoko,23.76728268309377,Landry,Nnoko,L. Nnoko
450,NY,F/C,"6'11""",230,2/25/1985, Joakim  Noah,32.884325804243666,Joakim,Noah,J. Noah
451,DAL,F/C,"6'11""",220,4/10/1994, Nerlens  Noel,23.76454483230664,Nerlens,Noel,N. Noel
452,TOR,F/C,"7'0""",241,7/26/1992, Lucas  Nogueira,25.470225872689937,Lucas,Nogueira,L. Nogueira
453,DAL,F/C,"7'0""",245,6/19/1978, Dirk  Nowitzki,39.572895277207394,Dirk,Nowitzki,D. Nowitzki
454,NY,PG,"6'5""",190,7/28/1998, Frank  Ntilikina,19.46611909650924,Frank,Ntilikina,F. Ntilikina
455,POR,C,"7'0""",275,8/23/1994, Jusuf  Nurkic,23.394934976043807,Jusuf,Nurkic,J. Nurkic
456,CHI,G/F,"6'4""",219,1/14/1993, David  Nwaba,24.999315537303218,David,Nwaba,D. Nwaba
457,CHA,PF,"6'9""",257,5/01/1993, Johnny  O'Bryant III,24.706365503080082,Johnny,O'Bryant III,J. O'Bryant III
458,UTA,SF,"6'6""",226,6/05/1993, Royce  O'Neale,24.61054072553046,Royce,O'Neale,R. O'Neale
459,NY,F/C,"6'10""",250,3/26/1990, Kyle  O'Quinn,27.805612594113622,Kyle,O'Quinn,K. O'Quinn
460,FA,C,"6'11""",245,12/15/1993, Daniel  Ochefu,24.082135523613964,Daniel,Ochefu,D. Ochefu
461,BOS,F,"6'7""",241,12/05/1994, Semi  Ojeleye,23.110198494182068,Semi,Ojeleye,S. Ojeleye
462,FA,C,"6'11""",260,9/28/1982, Emeka  Okafor,35.29637234770705,Emeka,Okafor,E. Okafor
463,BKN,C,"6'11""",255,12/15/1995, Jahlil  Okafor,22.083504449007528,Jahlil,Okafor,J. Okafor
464,IND,G,"6'4""",210,5/04/1992, Victor  Oladipo,25.697467488021903,Victor,Oladipo,V. Oladipo
465,FA,SF,"6'8""",235,7/11/1996, Cameron  Oliver,21.51129363449692,Cameron,Oliver,C. Oliver
466,MIA,F/C,"7'0""",238,4/19/1991, Kelly  Olynyk,26.740588637919235,Kelly,Olynyk,K. Olynyk
467,HOU,F/C,"6'10""",245,11/01/1996, Chinanu  Onuaku,21.201916495550993,Chinanu,Onuaku,C. Onuaku
468,CLE,SF,"6'8""",215,4/08/1995, Cedi  Osman,22.770704996577688,Cedi,Osman,C. Osman
469,BKN,SG,"6'4""",185,1/24/1992, Yakuba  Ouattara,25.973990417522245,Yakuba,Ouattara,Y. Ouattara
470,WSH,SF,"6'7""",205,12/09/1995, Kelly  Oubre Jr.,22.099931553730322,Kelly,Oubre Jr.,K. Oubre Jr.
471,GS,C,"6'11""",270,2/10/1984, Zaza  Pachulia,33.927446954141,Zaza,Pachulia,Z. Pachulia
472,CHA,PG,"6'1""",164,9/11/1993, Marcus  Paige,24.34223134839151,Marcus,Paige,M. Paige
473,SAC,C,"7'1""",240,7/03/1997, Georgios  Papagiannis,20.53388090349076,Georgios,Papagiannis,G. Papagiannis
474,MIL,F,"6'8""",250,3/15/1995, Jabari  Parker,22.836413415468858,Jabari,Parker,J. Parker
475,SA,PG,"6'2""",185,5/17/1982, Tony  Parker,35.663244353182755,Tony,Parker,T. Parker
476,MEM,F,"6'10""",230,10/25/1988, Chandler  Parsons,29.22108145106092,Chandler,Parsons,C. Parsons
477,FA,C,"7'1""",220,12/20/1995, Anzejs  Pasecniks,22.069815195071868,Anzejs,Pasecniks,A. Pasecniks
478,OKC,F/C,"6'9""",230,3/14/1989, Patrick  Patterson,28.83778234086242,Patrick,Patterson,P. Patterson
479,MIN,C,"7'0""",236,6/14/1997, Justin  Patton,20.58590006844627,Justin,Patton,J. Patton
480,SA,SG,"6'4""",200,4/30/1991, Brandon  Paul,26.71047227926078,Brandon,Paul,B. Paul
481,HOU,PG,"6'0""",175,5/06/1985, Chris  Paul,32.69267624914442,Chris,Paul,C. Paul
482,ORL,PF,"6'10""",237,2/19/1991, Adreian  Payne,26.902121834360027,Adreian,Payne,A. Payne
483,CHI,PG,"6'3""",185,8/08/1994, Cameron  Payne,23.43600273785079,Cameron,Payne,C. Payne
484,ORL,PG,"6'4""",185,2/22/1994, Elfrid  Payton,23.89322381930185,Elfrid,Payton,E. Payton
485,MIL,SG,"6'3""",190,12/01/1992, Gary  Payton II,25.11978097193703,Gary,Payton II,G. Payton II
486,FA,SG,"6'5""",215,2/02/1996, L.J.  Peak,21.949349760438057,L.J.,Peak,L. Peak
487,FA,C,"6'11""",307,1/03/1986, Nikola  Pekovic,32.030116358658454,Nikola,Pekovic,N. Pekovic
488,FA,C,"6'10""",270,11/10/1984, Kendrick  Perkins,33.177275838466805,Kendrick,Perkins,K. Perkins
489,CLE,PG,"6'2""",197,10/03/1994, London  Perrantes,23.28268309377139,London,Perrantes,L. Perrantes
490,PHX,PF,"6'9""",235,4/13/1995, Alec  Peters,22.757015742642025,Alec,Peters,A. Peters
491,FA,PF,"6'10""",215,8/17/1995, Luke  Petrasek,22.412046543463383,Luke,Petrasek,L. Petrasek
492,FA,F,"6'7""",235,10/13/1977, Paul  Pierce,40.25462012320329,Paul,Pierce,P. Pierce
493,FA,C,"7'0""",250,7/14/1992, Marshall  Plumlee,25.503080082135522,Marshall,Plumlee,M. Plumlee
494,DEN,F/C,"6'11""",235,3/05/1990, Mason  Plumlee,27.863107460643395,Mason,Plumlee,M. Plumlee
495,ATL,F/C,"6'11""",249,9/01/1988, Miles  Plumlee,29.36892539356605,Miles,Plumlee,M. Plumlee
496,TOR,C,"7'0""",248,10/15/1995, Jakob  Poeltl,22.250513347022586,Jakob,Poeltl,J. Poeltl
497,CHI,G/F,"6'7""",225,3/10/1988, Quincy  Pondexter,29.848049281314168,Quincy,Pondexter,Q. Pondexter
498,WSH,F,"6'8""",205,6/03/1993, Otto  Porter Jr.,24.61601642710472,Otto,Porter Jr.,O. Porter Jr.
499,CHI,F/C,"6'11""",250,2/10/1995, Bobby  Portis,22.926762491444215,Bobby,Portis,B. Portis
500,NY,F/C,"7'3""",240,8/02/1995, Kristaps  Porzingis,22.45311430527036,Kristaps,Porzingis,K. Porzingis
501,DAL,F/C,"6'11""",240,7/20/1991, Dwight  Powell,26.48870636550308,Dwight,Powell,D. Powell
502,TOR,G/F,"6'4""",215,5/25/1993, Norman  Powell,24.640657084188913,Norman,Powell,N. Powell
503,IND,SF,"6'8""",238,9/06/1993, Alex  Poythress,24.355920602327174,Alex,Poythress,A. Poythress
504,FA,G,"6'2""",190,6/21/1983, Ronnie  Price,34.56810403832991,Ronnie,Price,R. Price
505,ATL,SF,"6'8""",220,3/22/1994, Taurean  Prince,23.81656399726215,Taurean,Prince,T. Prince
506,PHI,PG,"6'1""",200,11/10/1989, Jacob  Pullen,28.177960301163587,Jacob,Pullen,J. Pullen
507,FA,PG,"6'4""",205,2/14/1994, Rodney  Purvis,23.915126625598905,Rodney,Purvis,R. Purvis
508,HOU,PF,"7'1""",210,1/16/1996, Zhou  Qi,21.9958932238193,Zhou,Qi,Z. Qi
509,FA,PG,"6'6""",190,10/27/1994, Tim  Quarterman,23.21697467488022,Tim,Quarterman,T. Quarterman
510,MEM,PF,"6'10""",220,2/04/1997, Ivan  Rabb,20.941820670773442,Ivan,Rabb,I. Rabb
511,FA,PG,"6'2""",185,2/05/1993, Chasson  Randle,24.93908281998631,Chasson,Randle,C. Randle
512,LAL,F/C,"6'9""",250,11/29/1994, Julius  Randle,23.12662559890486,Julius,Randle,J. Randle
513,SAC,F/C,"6'9""",250,7/16/1981, Zach  Randolph,36.498288843258045,Zach,Randolph,Z. Randolph
514,FA,PG,"6'4""",205,4/29/1994, Xavier  Rathan-Mayes,23.71252566735113,Xavier,Rathan-Mayes,X. Rathan-Mayes
515,FA,G,"6'4""",190,11/02/1986, Andy  Rautins,31.200547570157426,Andy,Rautins,A. Rautins
516,PHI,SG,"6'4""",195,6/24/1984, JJ  Redick,33.55783709787816,JJ,Redick,J. Redick
517,PHX,SG,"6'6""",210,6/11/1995, Davon  Reed,22.595482546201232,Davon,Reed,D. Reed
518,LAC,F/C,"6'11""",245,5/16/1990, Willie  Reed,27.665982203969882,Willie,Reed,W. Reed
519,MIA,G,"6'6""",200,9/15/1993, Josh  Richardson,24.331279945242983,Josh,Richardson,J. Richardson
520,SAC,SG,"6'6""",205,1/05/1996, Malachi  Richardson,22.026009582477755,Malachi,Richardson,M. Richardson
521,LAC,G,"6'4""",200,8/01/1992, Austin  Rivers,25.453798767967147,Austin,Rivers,A. Rivers
522,OKC,G/F,"6'7""",210,12/04/1991, Andre  Roberson,26.11362080766598,Andre,Roberson,A. Roberson
523,FA,G,"6'1""",173,12/03/1985, Brian  Roberts,32.114989733059545,Brian,Roberts,B. Roberts
524,WSH,G/F,"6'8""",200,3/07/1995, Devin  Robinson,22.858316221765914,Devin,Robinson,D. Robinson
525,FA,F/C,"6'10""",250,3/17/1991, Thomas  Robinson,26.830937713894592,Thomas,Robinson,T. Robinson
526,IND,G/F,"6'6""",222,1/08/1994, Glenn  Robinson III,24.016427104722794,Glenn,Robinson III,G. Robinson III
527,FA,PG,"6'3""",175,6/12/1986, Sergio  Rodriguez,31.592060232717316,Sergio,Rodriguez,S. Rodriguez
528,NO,PG,"6'1""",186,2/22/1986, Rajon  Rondo,31.89322381930185,Rajon,Rondo,R. Rondo
529,CLE,PG,"6'3""",190,10/04/1988, Derrick  Rose,29.27857631759069,Derrick,Rose,D. Rose
530,ORL,G/F,"6'7""",206,2/05/1991, Terrence  Ross,26.940451745379878,Terrence,Ross,T. Ross
531,BOS,G,"6'1""",190,3/17/1994, Terry  Rozier,23.83025325119781,Terry,Rozier,T. Rozier
532,UTA,PG,"6'4""",190,10/21/1990, Ricky  Rubio,27.23340177960301,Ricky,Rubio,R. Rubio
533,FA,G/F,"6'10""",230,6/17/1986, Damjan  Rudez,31.578370978781656,Damjan,Rudez,D. Rudez
534,FA,G/F,"6'6""",225,7/07/1985, Brandon  Rush,32.52292950034223,Brandon,Rush,B. Rush
535,BKN,G,"6'5""",195,2/23/1996, D'Angelo  Russell,21.89185489390828,D'Angelo,Russell,D. Russell
536,IND,F/C,"6'11""",240,5/03/1996, Domantas  Sabonis,21.700205338809035,Domantas,Sabonis,D. Sabonis
537,SAC,G/F,"6'9""",207,3/20/1993, Jakarr  Sampson,24.82135523613963,Jakarr,Sampson,J. Sampson
538,PHI,F/C,"6'10""",250,4/08/1994, Dario  Saric,23.770020533880903,Dario,Saric,D. Saric
539,WSH,G,"6'7""",210,10/30/1991, Tomas  Satoransky,26.209445585215605,Tomas,Satoransky,T. Satoransky
540,ATL,PG,"6'1""",172,9/15/1993, Dennis  Schroder,24.331279945242983,Dennis,Schroder,D. Schroder
541,FA,SG,"6'5""",203,2/22/1990, Durand  Scott,27.89322381930185,Durand,Scott,D. Scott
542,WSH,PF,"6'8""",237,7/16/1988, Mike  Scott,29.49760438056126,Mike,Scott,M. Scott
543,UTA,G/F,"6'7""",220,5/02/1984, Thabo  Sefolosha,33.70294318959617,Thabo,Sefolosha,T. Sefolosha
544,MEM,SG,"6'5""",230,9/30/1994, Wayne  Selden Jr.,23.290896646132786,Wayne,Selden Jr.,W. Selden Jr.
545,FA,PG,"6'2""",195,3/24/1995, Jeremy  Senglin,22.811772758384667,Jeremy,Senglin,J. Senglin
546,FA,F/C,"6'9""",285,12/07/1989, Kevin  Seraphin,28.10403832991102,Kevin,Seraphin,K. Seraphin
547,NY,G,"6'3""",190,4/11/1986, Ramon  Sessions,31.761806981519506,Ramon,Sessions,R. Sessions
548,CLE,G/F,"6'5""",220,6/26/1990, Iman  Shumpert,27.55373032169747,Iman,Shumpert,I. Shumpert
549,TOR,PF,"6'9""",230,4/02/1994, Pascal  Siakam,23.786447638603697,Pascal,Siakam,P. Siakam
550,PHI,PG,"6'10""",230,7/20/1996, Ben  Simmons,21.48665297741273,Ben,Simmons,B. Simmons
551,ORL,G/F,"6'6""",195,9/14/1989, Jonathon  Simmons,28.334017796030118,Jonathon,Simmons,J. Simmons
552,MEM,SG,"6'4""",170,7/04/1997, Kobi  Simmons,20.531143052703626,Kobi,Simmons,K. Simmons
553,OKC,G/F,"6'8""",228,5/04/1988, Kyle  Singler,29.697467488021903,Kyle,Singler,K. Singler
554,FA,G,"6'3""",205,1/15/1988, Donald  Sloan,29.998631074606433,Donald,Sloan,D. Sloan
555,BOS,G,"6'4""",220,3/06/1994, Marcus  Smart,23.860369609856264,Marcus,Smart,M. Smart
556,DET,PG,"6'0""",175,7/05/1988, Ish  Smith,29.527720739219713,Ish,Smith,I. Smith
557,CLE,G/F,"6'6""",225,9/09/1985, J.R.  Smith,32.34770704996578,J.R.,Smith,J. Smith
558,WSH,F/C,"7'0""",240,3/02/1986, Jason  Smith,31.871321013004792,Jason,Smith,J. Smith
559,NO,F,"6'9""",225,12/05/1985, Josh  Smith,32.10951403148528,Josh,Smith,J. Smith
560,DAL,G,"6'3""",195,11/25/1997, Dennis  Smith Jr.,20.136892539356605,Dennis,Smith Jr.,D. Smith Jr.
561,MIL,G/F,"6'7""",217,11/10/1991, Tony  Snell,26.17932922655715,Tony,Snell,T. Snell
562,ORL,F/C,"6'10""",255,8/04/1987, Marreese  Speights,30.4476386036961,Marreese,Speights,M. Speights
563,FA,C,"6'11""",245,1/01/1985, Tiago  Splitter,33.034907597535934,Tiago,Splitter,T. Splitter
564,BKN,G/F,"6'6""",205,10/07/1993, Nik  Stauskas,24.27104722792608,Nik,Stauskas,N. Stauskas
565,IND,G/F,"6'5""",230,9/05/1990, Lance  Stephenson,27.359342915811087,Lance,Stephenson,L. Stephenson
566,FA,PG,"5'11""",165,6/24/1991, David  Stockton,26.559890485968516,David,Stockton,D. Stockton
567,FA,C,"6'11""",255,2/10/1997, Diamond  Stone,20.92539356605065,Diamond,Stone,D. Stone
568,CHA,G/F,"6'6""",202,12/07/1988, Julyan  Stone,29.10335386721424,Julyan,Stone,J. Stone
569,IND,PG,"6'6""",176,12/31/1995, Edmond  Sumner,22.039698836413415,Edmond,Sumner,E. Sumner
570,POR,F/C,"6'9""",250,4/18/1997, Caleb  Swanigan,20.7419575633128,Caleb,Swanigan,C. Swanigan
571,BOS,F,"6'8""",205,4/04/1998, Jayson  Tatum,19.78097193702943,Jayson,Tatum,J. Tatum
572,FA,C,"7'3""",265,3/22/1992, Edy  Tavares,25.815195071868583,Edy,Tavares,E. Tavares
573,ATL,PG,"6'3""",170,7/11/1994, Isaiah  Taylor,23.512662559890487,Isaiah,Taylor,I. Taylor
574,MIN,PG,"6'2""",189,6/10/1988, Jeff  Teague,29.596167008898014,Jeff,Teague,J. Teague
575,MIL,F,"6'9""",245,9/17/1985, Mirza  Teletovic,32.32580424366872,Mirza,Teletovic,M. Teletovic
576,SAC,G/F,"6'6""",195,5/08/1986, Garrett  Temple,31.68788501026694,Garrett,Temple,G. Temple
577,LAC,G,"6'5""",196,3/19/1987, Milos  Teodosic,30.82546201232033,Milos,Teodosic,M. Teodosic
578,MIL,G,"6'2""",185,9/15/1977, Jason  Terry,40.33127994524298,Jason,Terry,J. Terry
579,BOS,F/C,"6'9""",243,4/04/1992, Daniel  Theis,25.779603011635867,Daniel,Theis,D. Theis
580,CLE,PG,"5'9""",185,2/07/1989, Isaiah  Thomas,28.933607118412045,Isaiah,Thomas,I. Thomas
581,NY,G/F,"6'8""",235,4/24/1988, Lance  Thomas,29.724845995893222,Lance,Thomas,L. Thomas
582,FA,SF,"6'8""",230,8/15/1994, Rashawn  Thomas,23.416837782340863,Rashawn,Thomas,R. Thomas
583,GS,G/F,"6'7""",215,2/08/1990, Klay  Thompson,27.9315537303217,Klay,Thompson,K. Thompson
584,FA,C,"7'0""",250,6/12/1994, Trevor  Thompson,23.592060232717316,Trevor,Thompson,T. Thompson
585,CLE,F/C,"6'10""",238,3/13/1991, Tristan  Thompson,26.84188911704312,Tristan,Thompson,T. Thompson
586,LAC,SG,"6'5""",215,11/15/1994, Sindarius  Thornwell,23.16495550992471,Sindarius,Thornwell,S. Thornwell
587,DET,F,"6'8""",240,6/01/1985, Anthony  Tolliver,32.62149212867899,Anthony,Tolliver,A. Tolliver
588,FA,G/F,"6'7""",210,7/23/1992, Axel  Toupane,25.478439425051334,Axel,Toupane,A. Toupane
589,MIN,C,"7'0""",248,11/15/1995, Karl-Anthony  Towns,22.16563997262149,Karl-Anthony,Towns,K. Towns
590,FA,PG,"6'3""",185,2/02/1995, Melo  Trimble,22.94866529774127,Melo,Trimble,M. Trimble
591,HOU,SF,"6'6""",245,5/05/1985, P.J.  Tucker,32.695414099931554,P.J.,Tucker,P. Tucker
592,POR,G/F,"6'7""",220,10/27/1988, Evan  Turner,29.215605749486652,Evan,Turner,E. Turner
593,IND,F/C,"6'11""",250,3/24/1996, Myles  Turner,21.809719370294317,Myles,Turner,M. Turner
594,UTA,F/C,"6'10""",245,5/20/1987, Ekpe  Udoh,30.65571526351814,Ekpe,Udoh,E. Udoh
595,FA,PG,"6'3""",205,7/05/1982, Beno  Udrih,35.52908966461328,Beno,Udrih,B. Udrih
596,PHX,PG,"5'10""",160,1/05/1996, Tyler  Ulis,22.026009582477755,Tyler,Ulis,T. Ulis
597,FA,PF,"6'10""",221,5/19/1993, Jarrod  Uthoff,24.657084188911703,Jarrod,Uthoff,J. Uthoff
598,TOR,C,"7'0""",265,5/06/1992, Jonas  Valanciunas,25.691991786447637,Jonas,Valanciunas,J. Valanciunas
599,CHI,G/F,"6'6""",210,11/16/1993, Denzel  Valentine,24.161533196440793,Denzel,Valentine,D. Valentine
600,TOR,PG,"6'0""",195,2/25/1994, Fred  VanVleet,23.88501026694045,Fred,VanVleet,F. VanVleet
601,MIL,G/F,"6'6""",202,8/16/1996, Rashad  Vaughn,21.412731006160165,Rashad,Vaughn,R. Vaughn
602,FA,PF,"6'9""",225,8/06/1995, Aleksandar  Vezenkov,22.442162902121833,Aleksandar,Vezenkov,A. Vezenkov
603,POR,PF,"6'9""",245,8/24/1995, Noah  Vonleh,22.392881587953458,Noah,Vonleh,N. Vonleh
604,ORL,F/C,"7'0""",260,10/24/1990, Nikola  Vucevic,27.225188227241617,Nikola,Vucevic,N. Vucevic
605,FA,SG,"6'7""",195,3/08/1984, Sasha  Vujacic,33.85352498288843,Sasha,Vujacic,S. Vujacic
606,CLE,G,"6'4""",220,1/17/1982, Dwyane  Wade,35.9917864476386,Dwyane,Wade,D. Wade
607,MIA,G/F,"6'4""",215,12/10/1991, Dion  Waiters,26.09719370294319,Dion,Waiters,D. Waiters
608,CHA,PG,"6'1""",184,5/08/1990, Kemba  Walker,27.68788501026694,Kemba,Walker,K. Walker
609,WSH,PG,"6'4""",210,9/06/1990, John  Wall,27.356605065023956,John,Wall,J. Wall
610,LAC,SG,"6'5""",205,6/10/1994, Tyrone  Wallace,23.59753593429158,Tyrone,Wallace,T. Wallace
611,MIA,PG,"6'1""",190,4/03/1995, Derrick  Walton Jr.,22.784394250513348,Derrick,Walton Jr.,D. Walton Jr.
612,FA,SF,"6'8""",260,1/31/1994, Jameel  Warney,23.953456536618756,Jameel,Warney,J. Warney
613,PHX,SF,"6'8""",215,9/05/1993, T.J.  Warren,24.358658453114305,T.J.,Warren,T. Warren
614,FA,PG,"6'2""",175,4/17/1984, C.J.  Watson,33.74401095140315,C.J.,Watson,C. Watson
615,FA,G,"6'1""",195,5/02/1991, Maalik  Wayns,26.704996577686515,Maalik,Wayns,M. Wayns
616,FA,PF,"6'10""",230,9/21/1990, Travis  Wear,27.315537303216974,Travis,Wear,T. Wear
617,HOU,PG,"6'2""",165,12/29/1992, Briante  Weber,25.04312114989733,Briante,Weber,B. Weber
618,FA,G/F,"6'7""",230,12/04/1986, Martell  Webster,31.1129363449692,Martell,Webster,M. Webster
619,GS,PF,"6'9""",250,8/29/1980, David  West,37.37713894592745,David,West,D. West
620,OKC,PG,"6'3""",200,11/12/1988, Russell  Westbrook,29.17180013689254,Russell,Westbrook,R. Westbrook
621,SA,PG,"6'4""",190,7/02/1994, Derrick  White,23.537303216974674,Derrick,White,D. White
622,MIA,PF,"6'8""",204,8/13/1992, Okaro  White,25.420944558521562,Okaro,White,O. White
623,FA,SF,"6'7""",210,6/16/1993, Andrew  White III,24.580424366872005,Andrew,White III,A. White III
624,BKN,G,"6'4""",213,3/08/1995, Isaiah  Whitehead,22.855578370978783,Isaiah,Whitehead,I. Whitehead
625,MIA,C,"7'0""",265,6/13/1989, Hassan  Whiteside,28.588637919233403,Hassan,Whiteside,H. Whiteside
626,MIN,G/F,"6'8""",202,2/23/1995, Andrew  Wiggins,22.8911704312115,Andrew,Wiggins,A. Wiggins
627,POR,SG,"6'5""",195,12/30/1990, CJ  Wilcox,27.041752224503764,CJ,Wilcox,C. Wilcox
628,BKN,PG,"6'8""",223,9/04/1994, Jacob  Wiley,23.362080766598222,Jacob,Wiley,J. Wiley
629,IND,G/F,"6'6""",225,1/11/1980, Damien  Wilkins,38.00958247775496,Damien,Wilkins,D. Wilkins
630,PHX,F/C,"6'8""",265,1/28/1993, Alan  Williams,24.960985626283367,Alan,Williams,A. Williams
631,LAC,SG,"6'5""",224,2/06/1990, C.J.  Williams,27.93702943189596,C.J.,Williams,C. Williams
632,FA,PG,"6'3""",200,6/26/1984, Deron  Williams,33.5523613963039,Deron,Williams,D. Williams
633,FA,F,"6'8""",245,5/25/1991, Derrick  Williams,26.642026009582477,Derrick,Williams,D. Williams
634,FA,PF,"6'9""",255,5/31/1994, Devin  Williams,23.6249144421629,Devin,Williams,D. Williams
635,FA,SF,"6'8""",220,6/12/1994, JaCorey  Williams,23.592060232717316,JaCorey,Williams,J. Williams
636,LAC,G,"6'1""",175,10/27/1986, Lou  Williams,31.21697467488022,Lou,Williams,L. Williams
637,FA,PG,"6'3""",205,12/03/1985, Marcus  Williams,32.114989733059545,Marcus,Williams,M. Williams
638,CHA,F,"6'9""",237,6/19/1986, Marvin  Williams,31.572895277207394,Marvin,Williams,M. Williams
639,FA,SG,"6'3""",205,10/26/1994, T.J.  Williams,23.21971252566735,T.J.,Williams,T. Williams
640,HOU,G/F,"6'7""",218,12/30/1994, Troy  Williams,23.041752224503764,Troy,Williams,T. Williams
641,MIA,SG,"6'5""",215,10/14/1993, Matt  Williams Jr.,24.251882272416154,Matt,Williams Jr.,M. Williams Jr.
642,FA,PG,"6'3""",195,9/16/1994, Nigel  Williams-Goss,23.329226557152634,Nigel,Williams-Goss,N. Williams-Goss
643,FA,PF,"6'9""",228,6/21/1995, Derek  Willis,22.56810403832991,Derek,Willis,D. Willis
644,MIL,PF,"6'10""",240,2/19/1996, D.J.  Wilson,21.90280629705681,D.J.,Wilson,D. Wilson
645,LAC,PF,"6'7""",229,11/21/1990, Jamil  Wilson,27.148528405201915,Jamil,Wilson,J. Wilson
646,FA,PF,"6'10""",240,10/20/1992, Kyle  Wiltjer,25.234770704996578,Kyle,Wiltjer,K. Wiltjer
647,MIA,F,"6'7""",225,3/26/1996, Justise  Winslow,21.804243668720055,Justise,Winslow,J. Winslow
648,DAL,C,"7'0""",230,3/07/1990, Jeff  Withey,27.857631759069132,Jeff,Withey,J. Withey
649,UTA,PG,"6'4""",190,5/15/1991, Nate  Wolters,26.6694045174538,Nate,Wolters,N. Wolters
650,FA,F/C,"6'11""",220,9/27/1995, Christian  Wood,22.299794661190965,Christian,Wood,C. Wood
651,FA,F,"6'7""",250,11/13/1979, Metta  World Peace,38.171115674195754,Metta,World Peace,M. World Peace
652,MEM,F/C,"6'10""",235,10/05/1987, Brandan  Wright,30.27789185489391,Brandan,Wright,B. Wright
653,FA,F,"6'7""",218,9/30/1988, Chris  Wright,29.28952772073922,Chris,Wright,C. Wright
654,TOR,G,"6'5""",183,4/26/1992, Delon  Wright,25.71937029431896,Delon,Wright,D. Wright
655,BOS,F,"6'8""",270,12/17/1995, Guerschon  Yabusele,22.078028747433265,Guerschon,Yabusele,G. Yabusele
656,PHI,SG,"6'6""",215,8/16/1995, James  Young,22.414784394250514,James,Young,J. Young
657,IND,G,"6'2""",185,6/27/1992, Joe  Young,25.54962354551677,Joe,Young,J. Young
658,WSH,PF,"6'9""",235,9/05/1994, Mike  Young,23.359342915811087,Mike,Young,M. Young
659,GS,G/F,"6'7""",210,6/01/1985, Nick  Young,32.62149212867899,Nick,Young,N. Young
660,IND,F,"6'8""",221,6/21/1988, Thaddeus  Young,29.56605065023956,Thaddeus,Young,T. Young
661,FA,SF,"6'9""",205,8/12/1995, Rade  Zagorac,22.425735797399042,Rade,Zagorac,R. Zagorac
662,CHA,F/C,"7'0""",240,10/05/1992, Cody  Zeller,25.27583846680356,Cody,Zeller,C. Zeller
663,BKN,F/C,"7'0""",250,1/17/1990, Tyler  Zeller,27.991786447638603,Tyler,Zeller,T. Zeller
664,FA,PF,"7'0""",240,9/09/1996, Stephen  Zimmerman Jr.,21.347022587268995,Stephen,Zimmerman Jr.,S. Zimmerman Jr.
665,CHI,F,"6'8""",245,2/18/1994, Paul  Zipser,23.904175222450377,Paul,Zipser,P. Zipser
666,CLE,C,"6'11""",254,1/04/1997, Ante  Zizic,21.026694045174537,Ante,Zizic,A. Zizic
667,LAL,C,"7'1""",265,3/18/1997, Ivica  Zubac,20.826830937713893,Ivica,Zubac,I. Zubac
